Search title,title,lyrics,credits/comments,google drive link/embedded file,youtube link
<<<<<<< Updated upstream
<<<<<<< Updated upstream
<<<<<<< Updated upstream
<<<<<<< Updated upstream
"Avinu Av Harachaman, אָבִֽינוּ אָב הָרַחֲמָן",,"אָבִֽינוּ אָב הָרַחֲמָן
הַמְרַחֵם רַחֵם עָלֵֽינוּ <br>
(טאַטֶע, אוֹי טאַטֶע)<br>
וְתֵן בְּלִבֵּנוּ בִּינָה<br>
לְהָבִין וּלְהַשְׂכִּיל<br>
לִשְׁמוֹעַלִ לְמוֹד וּלְלַמֵּד<br>
לִשְׁמוֹר  וְלַעֲשׂוֹת <br>
וּלְקַיֵּם אֶת כָּל דִּבְרֵי<br>
תַלְמוּד תּוֹרָתֶךָ בְּאַהֲבָה",,,"https://www.youtube.com/watch?v=zV_GSoaOJFo, https://www.youtube.com/watch?v=-DACmtfohHE"
"avinu malkeinu ein lanu melech,אָבִינוּ מַלְכֵּנוּ אֵין לָנוּ מֶלֶךְ",,אָבִינוּ מַלְכֵּנוּ אֵין לָנוּ מֶלֶךְ אֶלָּא אָתָּה,,,https://youtu.be/I5Z_D97X24g?t=76
Acheinu,,"אַחֵינוּ כָּל בֵּית יִשְׂרָאֵל, 
הַנְּתוּנִים בְּצָרָה וּבַשִּׁבְיָה, 
הָעוֹמְדִים בֵּין בַּיָּם וּבֵין בַּיַּבָּשָׁה, 
הַמָּקוֹם יְרַחֵם עֲלֵיהֶם
וְיוֹצִיאֵם מִצָּרָה לִרְוָחָה
וּמֵאֲפֵלָה לְאוֹרָה, 
וּמִשִּׁעְבּוּד לִגְאֻלָּה, 
הַשְׁתָּא בַּעֲגָלָא וּבִזְמַן קָרִיב.. ",,,https://youtu.be/q4PxCtN5BgE
Ilan Ilan,,"אִילָן אִילָן בַּמָּה אֲבָרֶכְךָ 
שֶׁיְּהוּ פֵּירוֹתֶיךָ מְתוּקִין
הֲרֵי פֵּירוֹתֶיךָ מְתוּקִין
שֶׁיְּהֵא צִילְּךָ נָאֶה
הֲרֵי צִילְּךָ נָאֶה
אֶלָּא יְהִי רָצוֹן 
שֶׁכׇּל נְטִיעוֹת
שֶׁנּוֹטְעִין מִמְּךָ יִהְיוּ כְּמוֹתְךָ",,,"https://www.youtube.com/watch?v=pSiwTwYYO94&pp=ygUJaWxhbiBpbGFu, https://youtu.be/VUaAAj3t_HU"
Ein Aroch,,"אֵין עֲרוֹךְ לְךָ, וְאֵין זוּלָתֶֽךָ
אֶֽפֶס בִּלְתֶּֽךָ, וּמִי דּֽוֹמֶה לָּךְ
אֵין עֲרוֹךְ לְךָ, הַ׳ אֱלֹקינוּ, בָּעוֹלָם הַזֶּה
 וְאֵין זוּלָתְךָ מַלְכֵּֽנוּ לְחַיֵּי הָעוֹלָם הַבָּא",,,"https://www.youtube.com/watch?v=eTBqH3QlTJQ, https://www.youtube.com/watch?v=qlpj_7qXmlY&pp=ygUPZWluIGFyb2NoIGxlY2hh"
"Proik, Prok",,"אֱלָהָא דִּי לֵהּ יְקַר וּרְבוּתָא
פְּרוֹק יַת עָנָךְ מִפּוּם אַרְיְוָתָא
וְאַפֵּיק יַת עַמֵּךְ מִגּוֹ גָלוּתָ
עַמֵּךְ דִּי בְחַרְתְּ מִכָּל אֻמַּיָּא",,,"https://www.youtube.com/watch?v=medQfTWMs8Q, https://www.youtube.com/watch?v=DLVLnKaSt1Q"
Eilecha,,"אֵלֶיךָ ה' אֶקְרָא; וְאֶל- ה', אֶתְחַנָּנ
שְׁמַע-ה' וְחָנֵּנִי; ה' הֱיֵה-עֹזֵר לִי ",,,https://www.youtube.com/watch?v=WvH3CdtkgQ0
Elokai ,,"אֱלקי נְשָׁמָה שֶׁנָּתַתָּ בִּי טְהורָה הִיא
אַתָּה בְרָאתָהּ, אַתָּה יְצַרְתָּהּ
אַתָּה נְפַחְתָּהּ בִּי וְאַתָּה מְשַׁמְּרָהּ בְּקִרְ
בִּי וְאַתָּה עָתִיד לִטְּלָהּ מִמֶּנִּי
וּלְהַחֲזִירָהּ בִּי לֶעָתִיד לָבוֹא",Baruch Levine,,https://www.youtube.com/watch?v=1a2oVRiiwyE
Al Tira,,"אַל תִּירָא כִּי יַעֲשִׁר אִישׁ
כִּי יִרְבֶּה כְּבוֹד בֵּיתוֹ. 
כִּי לֹא בְמוֹתוֹ יִקַּח הַכֹּל 
לֹא יֵרֵד אַחֲרָיו כְּבוֹדוֹ",Miami,,https://www.youtube.com/watch?v=1a2oVRiiwyE
Im Eshkochech,,"אִם אֶשְׁכָּחֵךְ יְרוּשָׁלָיִם, תִּשְׁכַּח יְמִינִי. 
תִּדְבַּק לְשׁוֹנִי לְחִכִּי אִם לֹא אֶזְכְּרֵכִי, 
אִם לֹא אַעֲלֶה אֶת יְרוּשָׁלַֽיִם
עַל רֹאשׁ שִׂמְחָתִי",Shwekey,,https://www.youtube.com/watch?v=3Em9oLEP5EM
"Im Hayu, Mesikus Hatorah",,"אִם הָיוּ בְּנֵי אָדָם מַרְגִּישִׁים
בִּמְתִיקוּת וַעֲרֵיבוּת טוּב הַתּוֹרָה
הָיוּ, הָיוּ מִשְׁתַּגְּעִים - וּמִתְלַהֲטִים אַחֲרֶיהָ
וְלֹא יֵחָשֵׁב בְּעֵינֵיהֶם, מְלוֹא עוֹלָם
כֶּסֶף וְזָהָב, לִמְאוּמָה
כִּי הַתּוֹרָה כּוֹלֶלֶת כָּל הַטּוֹבוֹת שֶׁבָּעוֹלָם",Yisroel Werdyger,,https://www.youtube.com/watch?v=BYevuiqL9QI
Ana Bikoach,,"אָנָּא בְּכֹחַ גְּדֻלַּת יְמִינְךָ תַּתִּיר צְרוּרָה
קַבֵּל רִנַּת עַמְּךָ  שַׂגְּבֵנוּ טַהֲרֵנוּ נוֹרָא",,,x
Ana Avdah,,"אֲנָא עַבְדָּא ,דְקֻדְשָׁא בְּרִיךְ הוּא",,,https://www.youtube.com/watch?v=z4e8FQhv1TM
Ana Hashem,,"אָנָּה ה', כִּי-אֲנִי עַבְדֶּךָ אֲנִי-עַבְדְּךָ, 
בֶּן-אֲמָתֶךָ; פִּתַּחְתָּ, לְמוֹסֵרָי",,,https://www.youtube.com/watch?v=g-sTY08ORU4&pp=ygUVYW5hIGhhc2hlbSBjYXJsZWJhY2gg
"Ani Yishaina, Pischi Li",,"אֲנִי יְשֵׁנָה וְלִבִּי עֵר קוֹל  דּוֹדִי דוֹפֵק
פִּתְחִי־לִי אֲחֹתִי רַעְיָתִי יוֹנָתִי תַמָּתִי",,,https://youtu.be/YZJQ3rZ-TQs
Ani Maamin,,"אֲנִי מַאֲמִין בֶּאֱמוּנָה שְׁלֵמָה
בְּבִיאַת הַמָּשִׁיחַ וְאַף עַל פִּי שֶׁיִּתְמַהְמֵהַּ
עִם כָּל זֶה אֲחַכֶּה לּוֹ בְּכָל יוֹם שֶׁיָּבוֹא",,,"https://youtu.be/Y3gSOBfIvLA, https://youtu.be/igcAmD8kuOI,"
Ani Maamin,,"אֲנִי מַאֲמִין בֶּאֱמוּנָה שְׁלֵמָה 
שֶׁהַבּוֹרֵא יִתְבָּרַךְ שְׁמוֹ 
הוּא בוֹרֵא וּמַנְהִיג לְכָל הַבְּרוּאִים 
וְהוּא לְבַדּוֹ עָשָׂה וְעוֹשֶׂה וְיַעֲשֶׂה
 לְכָל הַמַּעֲשִׂים ",,,https://www.youtube.com/watch?v=YztAoobKUwU&t=1s
Ekrah,,"אֶקְרָא לֵאלֹקים עֶלְיוֹן
לָאֵל גֹּמֵר עָלָי 
יִשְׁלַח מִשָּׁמַיִם וְיוֹשִׁיעֵנִי
חֵרֵף שֹׁאֲפִי סֶלָה ",Shalsheles,,https://www.youtube.com/watch?v=_I0z_IHzIdI
Esa Einai,,"אֶשָּׂא עֵינַי, אֶל-הֶהָרִים, מֵאַיִן יָבֹא עֶזְרִי 
עֶזְרִי מֵעִם ה' עֹשֵׂה שָׁמַיִם וָאָרֶץ 
הִנֵּה לֹא יָנוּם, וְלֹא יִישָׁן שׁוֹמֵר יִשְׂרָאֵל",,,https://www.youtube.com/watch?v=IGnfwtlqZ2M&pp=ygUJZXNhIGVpbmFp
Es Tzemach,,"אֶת־צֶֽמַח דָּוִד עַבְדְּךָ מְהֵרָה תַצְמִֽיחַ
וְקַרְנוֹ תָּרוּם בִּישׁוּעָתֶֽךָ
כִּי לִישׁוּעָתְךָ קִוִּֽינוּ כָּל הַיּוֹם",,,https://youtu.be/wMaHcF0Me7c
"Atoh Horaisa, Ayn Kamocha",,"אַתָּה הָרְאֵתָ לָדַעַת, כִּי ה' הוּא הָאֱלֹקִים 
אֵין כָּמוֹךָ בָאֱלֹקִים הַ׳ 
וְאֵין כְּמַעֲשֶׂיךָ אֵין עוֹד מִלְּבַדּוֹ",,,https://youtu.be/JA1wESz6iBg?t=48
Bilvovi,,"בִּלְבָבִי מִשְׁכָּן אֶבְנֶה לַהֲדַר כְּבוֹדוֹ
וּלמִּשְׁכָּן מִזְבֵּֽחַ אָשִׂים לְקַרְנֵי הוֹדוֹ
וּלְנֵר תָּמִיד אֶקַּח לִי אֶת–אֵשׁ הָעֲקֵידָה
וּלְקָרְבָּן אַקְרִיב לוֹ אֶת נַפְשִי הַיְחִידָה",,,https://youtu.be/VMftk982Epo
Baavur Avoseinu,,"בַּעֲבוּר אֲבוֹתֵינוּ שֶׁבָּטְחוּ בְךָ
וַתְּלַמְּדֵם חֻקֵּי חַיִּים כֵּן תְּחָנֵּנוּ וּתְלַמְּדֵנוּ
וְתֵן בְּלִבֵּנוּ לְהָבִין לִלְמוֹד וּלְלַמֵּד בְּאַהֲבָה ",,,https://youtu.be/7dFGoSctbyg
Bsheim Hashem,,"בְּשֵׁם הַשֵּׁם אֱלֹקי יִשְׂרָאֵל
מִימִינִי מִיכָאֵל וּמִשְּׂמֹאלִי גַּבְרִיאֵל
וּמִלְּפָנַי אוּרִיאֵל וּמֵאֲחוֹרַי רְפָאֵל 
רֹאשִׁי שְׁכִינַת אֵ-ל
לֹא תִירָא  מִפַּחַד לָיְלָה מֵחֵץ יָעוּף יוֹמָם",,, https://youtu.be/85SN4K8NdmM
"Bshoh, Anovim",,"בְּשָׁעָה שֶׁמֶּלֶךְ הַמָּשִׁיחַ בָּא
עוֹמֵד עַל גַּג בֵּית הַמִּקְדָּשׁ
וּמַשְׁמִיעַ לְיִשְׂרָאֵל וְאוֹמֵר
עֲנָוִים עֲנָוִים הִגִּיעַ זְמַן גְּאֻלַּתְכֶם 
וְאֵם אֵין אַתֶּם מַאֲמִינִים
רָאוּ בְּאוֹרִי שֶׁזּוֹרֵחַ",,,"https://www.youtube.com/watch?v=nb8MkUtdrpo, https://youtu.be/5v4kyAeL6eo,"
Gam Ki Eilech,,"גַּם כִּי-אֵלֵךְ בְּגֵיא צַלְמָוֶת
לֹא אִירָא רָע כִּי-אַתָּה עִמָּדִ
שִׁבְטְךָ וּמִשְׁעַנְתֶּךָ הֵמָּה יְנַחֲמֻנִי",,,https://youtu.be/fD7yBFImhX4?t=51
Habein Yakir Li,,"הֲבֵן יַקִּיר לִי אֶפְרַיִם אִם יֶלֶד שַׁעֲשׁוּעִים
כִּי מִדֵּי דַבְּרִי בּו זָכר אֶזְכְּרֶנּוּ עוֹד 
עַל כֵּן הָמוּ מֵעַי לו רַחֵם אֲרַחֲמֶנּוּ נְאֻם ה",,,https://youtu.be/OlJFy5C0MKI?t=27
Habeit,,"הַבֵּט מִשָּׁמַֽיִם וּרְאֵה
כִּי הָיִֽינוּ לַֽעַג וָקֶֽלֶס בַּגּוֹיִם
נֶחְשַֽׁבְנוּ כַּצֹּאן לָטֶֽבַח יוּבָל
לַהֲרוֹג וּלְאַבֵּד וּלְמַכָּה וּלְחֶרְפָּה
וּבְכָל־זֹאת שִׁמְךָ לֺא שָׁכָֽחְנוּ
נָא אַל־תִּשְׁכָּחֵֽנוּ: ",,,https://www.youtube.com/watch?v=3sko0Hw6gYY
Higoleh Na,,"הִגָלֵה נָא וּפְרש חָבִיבי עָלַי 
אֶת סֻכַת שְלומָךְ",,,https://youtu.be/CJd2-pAUso8
Heimah,,"הֵמָּה כָּרְעוּ וְנָפָלוּ וַאֲנַחְנוּ קַּמְנוּ וַנִּתְעוֹדָֽד
הַ׳ הוֹשִׁיעָה הַמֶּלֶךְ יַעֲנֵנוּ בְיוֹם־קרְאֵנוּ",,,https://www.youtube.com/watch?v=Y_jY2hqPeHw&
Hamalach,,"הַמַּלְאָךְ הַגֹּאֵל אֹתִי מִכָּל-רָע
יְבָרֵךְ אֶת-הַנְּעָרִים וְיִקָּרֵא בָהֶם שְׁמִי 
וְשֵׁם אֲבֹתַי אַבְרָהָם וְיִצְחָק 
וְיִדְגּוּ לָרֹב בְּקֶרֶב הָאָרֶץ",,,https://youtu.be/Y_jY2hqPeHw
Hishbati,,"הִשְׁבַּעְתִּי אֶתְכֶם בְּנוֹת יְרוּשָׁלָםִ 
אִם תִּמְצְאוּ אֶת דּוֹדִי מַה תַּגִּידוּ לוֹ
שֶׁחוֹלַת אַהֲבָה אָנִי",,,https://www.youtube.com/watch?v=CXiIJ8IZNKI
Vaani Bechasdecha,,"וַאֲנִי בְּחַסְדְּךָ בָטַחְתִּי יָגֵל לִבִּי בִּֽישׁוּעָתֶךָ 
אָשִׁירָה לַֽה' כִּי גָמַל עָלָֽי",,,https://www.youtube.com/watch?v=Dw-FJJOjglE
Veafilu Bihastara,,"וִאַפִילוּ בְּהַסתּוּרָה שֶבְּתוֹךְ הַסתּוּרָה 
בְּווַדַאי גַם שוּם נִמצָא הַשֵם יִתבָּרַך.
גַם מֵאַחוֹרֵי הַדבוּריִם הַקוּשִׁים 
הוּעוֹברִים עָלֶיךָ - אַנִי עוֹמֵד",,,https://www.youtube.com/watch?v=8Opq1AiZXco&pp=ygURdmVhZmlsdSBiZWhhc3RhcmE%3D
"Veatem Tihyu Li, Mamleches Kohanim",,"וְאַתֶּם תִּהְיוּ־לִי ,מַמְלֶכֶת כֹּהֲנִים וְגוֹי קָדוֹשׁ",,,https://www.youtube.com/watch?v=sssFjqCd3-0&pp=ygURbWFtbGVjaGVzIGtvaGFuaW0%3D
Vhaviosim,,"וַהֲבִיאוֹתִים אֶל-הַר קָדְשִׁי 
וְשִׂמַּחְתִּים בְּבֵית תְּפִלָּתִי
עוֹלֹתֵיהֶם וְזִבְחֵיהֶם לְרָצוֹן  עַל-מִזְבְּחִי
כִּי בֵיתִי  בֵּית-תְּפִלָּה יִקָּרֵא לְכָל-הָעַמִּים",,,https://www.youtube.com/watch?v=W1-ZlpSRQ2c
Vhu Keili,,"וְהוּא קֵלִי וְחַי גוֹאֲלִי וְצוּר חֶבְלִי בְּעֵת צָרָה 
וְהוּא נִסִּי וּמָנוֹס לִי מְנָת כּוֹסִי בְּיוֹם אֶקְרָא 
בְּיָדוֹ אַפְקִיד רוּחִי בְּעֵת אִישָׁן וְאָעִירָה
וְעִם רוּחִי גְּוִיָּתִי הַ’ לִי  וְלֹא אִירָא",Baruch Levine,,https://youtu.be/YyZvtxPcadk
Vhi Sheamda,,"וְהִיא שֶׁעָמְדָה לַאֲבוֹתֵיֽנוּ וְלָנֽוּ
שֶׁלֹא אֶחָד בִּלְבָד  עָמַד עָלֵיֽנוּ לְכַלּוֹתֵנֽוּ
וְהַקָּדוֹשׁ בָּרוּךְ הוּא מַצִּילֵנוּ מִיָּדָם",Yaakov Shwekey,,https://youtu.be/qoUj5obgdxg?t=53
Vihi Noam,,"וִיהִי נֹעַם הַ׳ אֱלֹקינוּ עָלֵינוּ 
וּמַעֲשֵׂה יָדֵינוּ כּוֹנְנָה עָלֵינוּ 
וּמַעֲשֵׂה יָדֵינוּ כּוֹנְנֵהוּ",Motty Steinmetz,,https://youtu.be/y7pL8QIb9Yo?t=33
Viyihu Zari,,"וְיִהְיוּ זַרְעִי וְזֶרַע זַרְעִי
תַּלְמִידֵי חֲכָמִים, וַחֲסִידִים 
אֲהוּבִים לְמַעְלָה וְנֶחְמָדִים לְמַטָּה
וְתַחְזִיק אֶת לְבָבָם, לְתּוֹרָה וַעֲבוֹדָה
הַכֹּל, בִּרְצוֹנְךָ הַטּוֹב
וְאֶזְכֶּה לִרְאוֹת לִרְאוֹת בָּנִים ,בָּנִים וּבְנֵי בָּנִים
עוֹסְקִים בַּתּוֹרָה ,בַּתּוֹרָה וּמִצְוֹת בֶּאֱמֶת",,,https://youtu.be/IFvn8df6TCg?t=29
Vhinei Hashem,,"וְהִנֵּה ה' נִצָּב עָלָיו
וּ""מְלֹא כָל הָאָרֶץ כְּבוֹדוֹ 
וּמַבִּיט עָלָיו וּבוֹחֵן כְּלָיוֹת
וָלֵב אִם עוֹבְדוֹ כָּרָאוּי ",,,https://www.youtube.com/watch?v=BPxd-sqtZyk
Umacha,,"וּמָחָה הַ׳ דִמָעה מֵעַל כָּל פָּנִים 
וחֶרפַּת עַמוֹ יָסִיר מֵעַל כָּל הָאָרֶץ",Baruch Levine,,https://youtu.be/_-umILisNLs?t=29
Vhareinu,,"וְהַרְאֵֽנוּ בְּבִנְיָנוֹ וְשַׂמְּחֵֽנוּ בְּתִקּוּנוֹ
וְהָשֵׁב כֹּהֲנִים לַעֲבוֹדָתָם 
וּלְוִיִּם לְשִׁירָם וּלְזִמְרָם 
וְהָשֵׁב יִשְׂרָאֵל לִנְוֵיהֶם 
וְשָׁם נַעֲלֶה וְנֵרָאֶה וְנִשְׁתַּחֲוֶה לְפָנֶֽיךָ 
בְּנֵה בֵיתְךָ כְּבַתְּחִלָּה ",,,https://youtu.be/QiadgWV4YxI?t=43
Vzakeini,,"וְזַכֵּנִי לְגַדֵל בָּנִים וּבְנֵי בָנִים
חֲכָמִים וּנְבוֹנִים
אוֹהַבֵי הַשֵם יִראֵי אֶלֹקִים 
אַנְשֵי אֶמֶת זֶרַע קוֹדֶשׁ בַשֵם דְּבֵקִים 
וּמְאִירִים אֶת הָעוֹלָם 
בַּתוֹרָה וּבְמַעֲשִים טוֹבִים 
וּבְכָל מְלֶאכֶת עֲבוֹדַת הַבוֹרֵא",,,https://youtu.be/QiadgWV4YxI?
Vihi Ratzon,,"וִיהִי רָצוֹן מִלִּפְנֵי אָבִינוּ שֶׁבַּשָּׁמַיִם
שֶׁיִּתֵּן בְּלִבְּךָ  אַהֲבָתוֹ וְיִרְאָתוֹ
וְתִהְיֶה יִרְאַת הַ’  עַל פָּנֶיךָ
כֹּל יְמֵי  יְמֵי חַיֶּיךָ 
וְיִתֶּן  לְךָ בָּנִים  בָּנִים  וּבָנוֹת
צַדִּיקִים וְצַדִּיקוֹת/וְצִדְקָנִיּוֹת
עוֹסְקִים בַּתּוֹרָה וּבְמִצְווֹת",Simcha Leiner,,https://youtu.be/e1iLc_4Gsdk?t=28
Vcho Mi Sheoskim,,"וְכָל מִי שֶׁעוֹסְקִים בְּצָרְכֵי צִבּוּר בֶּאֱמוּנָה
הַקָּדוֹשׁ  בָּרוּךְ הוּא יְשַׁלֵּם שְׂכָרָם
וְיָסִיר מֵהֶם כָּל מַחֲלָה 
וְיִרְפָּא  לְכָל גּוּפָם וְיִסְלַח לְכָל עֲוֹנָם
וְיִשְׁלַח בְּרָכָה וְהַצְלָחָ בְּכָל מַעֲשֵׂה יְדֵיהֶם
עִם כָּל יִשְׂרָאֵל אֲחֵיהֶם וְנֹּאמַר אָמֵן",Yehudah Green,,https://youtu.be/xi_EPclMZjY
Vlirushalayim,,"וְלִירוּשָלַיִם עִירְךָ בְּרַחֲמִים תָּשוּב
וְתִּשְׁכוֹן בְּתוֹכָהּ כַּאֲשֶׁר דִבַּרְתָּ
וּבְנֵה אוֹתָהּ בְּקָרוֹב בְּיָמֵינוּ בִּניַן עוֹלָם
וְכִסֵּא דָוִד עַבְדְּךָ מְהֵרָה לְתוֹכָהּ תָּכִין",,,https://youtu.be/snkxWQw0swQ
,,"וּמָחָה הַ׳ דִמָעה מֵעַל כָּל פָּנִים 
וחֶרפַּת עַמוֹ יָסִיר מֵעַל כָּל הָאָרֶץ ",, ,https://www.youtube.com/watch?v=0O0kMAlhLto&pp=ygUUdW1vY2hhIGJhcnVjaCBsZXZpbmU%3D
,,"וּמִשֶּׁפַע מִצְוַת תְּפִלִּין יִתְמַשֵּׁךְ עָלַי לִהְיוֹת לִי חַיִּים אֲרֻכִים וְשֶׁפַע קֹדֶשׁ  וּמַחֲשָׁבוֹת קְדוֹשׁוֹת
וּמִשֶּׁפַע מִצְוַת תְּפִלִּין יִתְמַשֵּׁךְ עָלַי 
בְּלִי הִרְהוּר חֵטְא  וְעָוֹן כְּלָל",Baruch Levine,,?
,,"וְנָחָה עָלָיו, רוּחַ הַ’ ,רוּחַ חָכְמָה וּבִינָה,
רוּחַ עֵצָה וּגְבוּרָה, רוּחַ דַּעַת וְיִרְאַת הַ",,,https://www.youtube.com/watch?v=jEp-VIEtV94
,,"ועַתָּה כִּתְבוּ לָכֶם אֶת־הַשִּׁירָה הַזֹּאת
וְלַמְּדָהּ אֶת־בְּנֵי־יִשְׂרָאֵל
תּוֹרָה הַקְּדוֹשָׁה הִתְחַנְּנִי בְּבַקָּשָׁ
.פְּנֵי הַצּוּר נַעֲרָץ בִּקְדֻשָּׁה ",Mordechai Ben David,,https://youtu.be/ShTNwy18Les
,,"וְתֵעָרֵב לְפָנֶיךָ עֲתִירָתֵנוּ
אָנָּא רַחוּם, בְּרַחֲמֶיךָ הָרַבִּים
הָשֵׁב שְׁכִינָתְךָ לְצִיּוֹן עִירֶךָ 
וְסֵדֶר הַעֲבוֹדָה לִירוּשָׁלָיִם",,,https://youtu.be/IKMFDzRP9Rg?t=73
,,"חַזֵּק קִרְיָתִי קֵל אֱלֹקִים עֶלְיוֹן
וְהָשֵׁב אֶת נְוָתִי בְּשִּׂמְחָה וּבְהִגָּיוֹן
יְשׁוֹרְרוּ שָׁם רְנָנַי לְוִיַי וְכֹהֲנַי
אָז תִּתְעַנַג עַל הַ׳ שַׁבַּת הַיּוֹם לַהַ׳",,,https://youtu.be/X7QQuNGbwb4?t=30
,,"חֲמוֹל עַל מַעֲשֶׂיךָ  וְתִשְׂמַח בְּמַעֲשֶׂיךָ
וְיֹאמְרוּ לְךָ חוֹסֶיךָ  בְּצַדֶּקְךָ עֲמוּסֶיךָ
תֻּקְדַּשׁ אָדוֹן עַל כָּל מַעֲשֶׂיךָ 
כִּי מַקְדִּישֶׁיךָ בִּקְדֻשָּׁתְךָ קִדַּשְׁתָ 
נָאֶה לְקָדוֹשׁ פְּאֵר מִקְּדוֹשִׁים",,,https://youtu.be/PybCbh52PUA?t=35
,,"חֲשׂוֹף זְרוֹעַ קָדְשֶׁךָ וְקָרֵב קֵץ הַיְשׁוּעָה
נְקֹם נִקְמַת  דַּם עֲבָדֶיךָ מֵאֻמָּה הָרְשָׁעָה
כִּי אָרְכָה לָנוּ הַיְשׁוּעָה וְאֵין קֵץ לִימֵי הָרָעָה
דְּחֵה אַדְמוֹן בְּצֵל צַלְמוֹן הָקֵם לָנוּ רוֹעֶה שִׁבְעָה",,,https://youtu.be/sS5yA6xpysU
,,"חֶסֶד יְסוֹבְבֶנּוּ ’הַבּוֹטֵחַ בַּהַ’
בֶּאֱמוּנָתוֹ יִחְיֶה צַדִּיק צַדִיק",,,https://youtu.be/Ckcbpun4_yI
,,"טוֹב לְהֹדוֹת לַה'  וּלְזַמֵּר לְשִׁמְךָ עֶלְיוֹן
לְהַגִּיד בַּבֹּֽקֶר חַסְדֶּֽךָ וֶאֱמוּנָתְךָ בַּלֵּילוֹת",,,https://youtu.be/WTSD2opc47c
,,"יִבָּנֶה הַמִּקְדָּשׁ עִיר צִיּוֹן תְּמַלֵּא
וְשָׁם נָשִׁיר שִׁיר חָדָשׁ וּבִרְנָנָה נַעֲלֶה",,,?
,,"יְמִין הַ’ רוֹמֵמָה, יְמִין הַ’ עֹשָׂה חָיִל",,,?
,,"יַעֲלֶה וְיָבֹא וְיַגִּיעַ וְיֵרָאֶה 
וְיֵרָצֶה וְיִשָּׁמַע וְיִפָּקֵד 
וְיִזָּכֵר זִכְרוֹנֵנוּ וּפִקְדוֹנֵנוּ 
וְזִכְרוֹן אֲבוֹתֵינוּ
וְזִכְרוֹן מָשִׁיחַ בֶּן דָּוִד עַבְדֶּךָ 
וְזִכְרוֹן יְרוּשָׁלַיִם עִיר קָדְשֶׁךָ
וְזִכְרוֹן כָּל עַמְּךָ בֵּית יִשְׂרָאֵל
לְפָנֶיךָ לִפְלֵטָה לְטוֹבָה   ",,,https://youtu.be/stA4jWKY-uo?t=47
,,"יַעֲלֶה תַּחֲנוּנֵנוּ מֵעֶרֶב
וְיָבוֹא שַׁוְעָתֵנוּ מִבֹּקֶר
וְיֵרָאֶה בַּקָּשָׁתֵנוּ עַד עָרֶב
וְיֵרָאֶה נַאֲקָתֵנוּ עַד עָרֶב",,,https://youtu.be/jL7uTLfzUMU
,,"יְשֲׁמֵך אֱלֹקִים כֶּאֶפְרַיִם וְכִמְנָשֶׁה
יְשֲׁמֱֳך אֶלׂקִים כְּשָׁרָה רִבְקָה רָחֵל וְלֱאָה 
יְבָרֶכְךָ ה' וְיִשְׁמְרֶךָ יָאֵר ה' פָּנָיו אֵלֶיךָ וִיחֻנֶּךָּ:
יִשָּׂא ה' פָּנָיו אֵלֶיךָ וְיָשֵׂם לְךָ שָׁלוֹם",,,https://youtu.be/sNIKkk4S1VI?t=32
,,"כְּאַיָּל תַּעֲרֹג עַל-אֲפִיקֵי-מָיִם
כֵּן נַפְשִׁי תַעֲרֹג אֵלֶיךָ אֱלֹקִים
צָמְאָה נַפְשִׁי  לֵאֱלֹקִים - לְקֵל חָי
מָתַי אָבוֹא; וְאֵרָאֶה פְּנֵי אֱלֹקים",,,"https://www.youtube.com/watch?v=SbCfwD5yo, https://youtu.be/CmrBRb6uCCg?t=29, https://youtu.be/117ED6_iEVU,"
,,"כַּד יַתבֻון יְשׂרָאֵל וְעֹסקִין בֽשִמחַת הַתֹּורָה
קוּדְשָׁא בְּריךְ הוּא אֹומֵר לְפַלמַיא דִילֵיה
חַזוּ בָּנַי חַבִיבַי ",,,https://youtu.be/PWbfWxxYCCo?t=23
,,"כֹּה אָמַר ה' זָכַרְתִּי לָךְ חֶסֶד נְעוּרַיִךְ
אַהֲבַת כְּלוּלֹתָיךְ לֶכְתֵּךְ אַחֲרַי בַּמִּדְבָּר 
בְּאֶרֶץ לֹא זְרוּעָה",,,https://youtu.be/RGeU66lU80w
,,"כִּי הוּא לְבַדּוֹ פּוֹעֵל גְּבוּרוֹ עֹשֶׂה חֲדָשׁוֹת
בַּֽעַל מִלְחָמוֹת זוֹרֵֽעַ צְדָקוֹת 
מַצְמִֽיחַ יְשׁוּעוֹת בּוֹרֵא רְפוּאוֹת 
נוֹרָא תְהִלּוֹת אֲדוֹן הַנִּפְלָאוֹת",Yossi Hecht,,https://youtu.be/enzW30WrYqM
,,"כִּי לַהַּ׳ הַמְלוּכָה וּמוֹשֵל בַּגוֹיִים
וְהָיָה הַּ׳ לְמֶלֶך עַל כָּל הָאָרֶץ
בַּיוֹם הַהוּא יִהיֶה הַּ׳ אֶחָד וּשׁמוֹ אֶחָד ",,,https://youtu.be/furTMTmuYbs
,,"כִּי קָרוֹב  אֵלֶיךָ הַדָבָר מְאוֹד
בְּפִיךָ  וּבִלְבָבְךָ לַעֲשׂוֹתוֹ",Eitan katz,,https://youtu.be/GNf2zRpprPo
,,"כָּל הָעוֹלָם כֻּלוֹ גֶשֶׁר צַר מְּאֹד 
וְהָעִיקָר לֹא לְפַחֵד כְּלַל",,,x
,,"כֶּתֶר יִתְּנוּ לְךָ  ה' אֱלֹקינוּ
מַלְאָכִים הֲמוֹנֵי מַעְלָה 
עִם עַמְּךָ יִשְׂרָאֵל קְבוּצֵי מַטָּה
יַחַד כֻּלָּם קְדֻשָּׁה לְךָ יְשַׁלֵּשׁוּ",Isaac Honig,,https://youtu.be/sUJ_5DjSSpc
,,"לֵב טָהוֹר  בְּרָא-לִי אֱלֹקים
 וְרוּחַ נָכוֹן  חַדֵּשׁ בְּקִרְבִּי
 אַל-תַּשְׁלִיכֵנִי מִלְּפָנֶיךָ
 וְרוּחַ קָדְשְׁךָ אַל-תִּקַּח מִמֶּנִּי",,,?
,,לוּלֵי תוֹרָתְךָ שַׁעֲשֻׁעָי אָז אָבַדְתִּי בְעָנְיִֽ,,,https://youtu.be/9Xu1CD83bjw
,,לְךָ אָמַר לִבִּי בַּקְּשׁוּ פָנָי אֶת פָּנֶיךָ ה אֲבַקֵּֽשׁ,,,?
,,"לַכֹּל זְמָן וְעֵת ... תַּחַת הַשָּׁמָיִם עֵת לֶאֱהֹב
וְעֵת לִשְׂנֹא עֵת מִלְחָמָה וְעֵת שָׁלוֹם ",,,https://youtu.be/gACSLkh_tbY
,,"לְמַעַנְךָ אֶלקֵינוּ עֲשֵׂה וְלא לָנוּ 
רְאֵה עֲמִידָתֵנוּ  דַּלִּים וְרֵקִים 
הַנְּשָׁמָה לָךְ וְהַגּוּף פָּעֳלָךְ 
חוּסָה עַל עֲמָלָךְ הַנְּשָׁמָה לָךְ ",,,https://youtu.be/c08WY2MNCH8
,,"לְמַעַן אַחַי וְרֵעָי אֲדַבְּרָה נָּא שָׁלוֹם בָּךְ 
לְמַעַן בֵּית ה׳ אֱלוֹהֵינוּ אֲבַקְשָׁה טוֹב לָךְ",,,https://youtu.be/OIBdca-t-_M
,,"לְעוֹלָם יְהֵא אָדָם  יְרֵא שָמַים
טַאטֶע טַאטֶע טַאטֶע אִיך וִויל זַיין 
אוי אִיך וִויל זַיין אַ יְרֵא שָמַים",,,https://youtu.be/cKBalZFrfTE
,,,,,"https://youtu.be/wyWKRPNTlkA?t=34, https://youtu.be/EYclGW5S4dE,"
,,"מְהֵרָה, הַ׳ אֶלקֵינוּ
עוֹד יִשָּׁמַע בְּעָרֵי יְהוּדָה
וּבְחֻצוֹת יְרוּשָׁלָֽיִם
קוֹל שָׂשׂוֹן וְקוֹל שִׂמְחָה
קוֹל חָתָן וְקוֹל כַּלָּה
קוֹל מִצְהֲלוֹת חֲתָנִים מֵחֻפָּתָם
וּנְעָרִים מִמִּשְׁתֵּה נְגִינָתָם",,,
,,"מִי בַן שִיחַ שׁוֹשַׁן חוֹחִים 
אַהַבַת כַּלָה מֽשׂוֹשׂ דוֹדִים 
הוּא יְבָרֵך אֶת הֶחָתָן וֽאֶת הַכַּלָה",,,
,,"מַכְנִיסֵי רַחֲמִים הַכְנִיסוּ רַחֲמֵינוּ 
לִפְנֵי בַּעַל הָרַחֲמִים 
מַשְׁמִיעֵי תְפִלָּה הַשְׁמִיעוּ תְפִלָּתֵנוּ 
לִפְנֵי שׁוֹמֵעַ תְּפִלָּה 
מַשְׁמִיעֵי צְעָקָה הַשְׁמִיעוּ צַעֲקָתֵנוּ 
לִפְנֵי שׁוֹמֵעַ צְעָקָה 
מַכְנִיסֵי דִּמְעָה הַכְנִיסוּ דִמְעוֹתֵינוּ 
לִפְנֵי מֶלֶךְ מִתְרַצֶּה בִּדְמָעוֹת 
הִשְׁתַּדְּלוּ וְהַרְבּוּ תְּחִנָּה וּבַקָּשָׁה 
לִפְנֵי מֶלֶךְ קֵל רָם וְנִשָּׂא",mbd,,https://youtu.be/yonpaLGsovw
,,"מִמְּקוֹמְךָ מַלְכֵּנוּ תּוֹפִיעַ 
וְתִמְלוֹךְ עָלֵינוּ כִּי מְחַכִּים אֲנַחְנוּ לָךְ 
מָתַי תִּמְלךְ בְּצִיּוֹן בְּקָרוֹב בְּיָמֵינוּ 
לְעוֹלָם וָעֶד תִּשְׁכּוֹן תִּתְגַּדַּל וְתִתְקַדַּשׁ 
בְּתוֹךְ יְרוּשָׁלַיִם עִירְךָ",,,https://youtu.be/eYBXusKQ7Ws
,,"מִקֹּלוֹת מַיִם רַבִּים אַדִּירִים
מִשְׁבְּרֵי יָם אַדִּיר בַּמָּרוֹם ה'",,,https://youtu.be/V3TlK9i-Y0k
,,"מַשְׂכִּיל לְדָוִד בִּהְיוֹתוֹ בַמְּעָרָה תְּפִלָּה
קוֹלִי אֶל־ה אֶזְעָק קוֹלִי אֶל־ה אֶתְחַנָּן 
אֶשְׁפֹּךְ לְפָנָיו שִׂיחִי צָרָתִי לְפָנָיו אַגִּיד",,,https://youtu.be/ows8Vz3dpOs
,,"נָעַר הַיִיתִי וְגַם זַקָנְתִי 
וְלֹא רָאִיתִי צָדִיק נֶעֶזָב
וְזָרְעוֹ מְבַקֵש לַחֶם
ה' עֹז לְעַמוֹ יִתֵן
ה' יְבַרֵך אֶת עַמוֹ בַשָלוֹם",,,https://youtu.be/X5dUlOEq3dk
,,"נַפְשִׁי נַפְשִׁי חָמְדָה בְּצֵל יָדֶךָ
אוֹי לָדַעַת כָּל רָז סוֹדֶךָ 
יֶעֱרַב נָא שִֹיחִי עָלֶיךָ
כִּי נַפְשִׁי תַעֲרֹג אֵלֶיךָ ",,,https://youtu.be/-6hnYAEUV2M
,,"נְקַדֵּשׁ אֶת־שִׁמְךָ בָּעוֹלָם 
כְּשֵׁם שֶׁמַּקְדִּישִׁים אוֹתוֹ בִּשְׁמֵי מָרוֹם
יִמְלֹךְ ה' לְעוֹלָם אֱלֹקיִךְ צִיּוֹן 
לְדֹר וָדֹר הַלְלוּקהּ וְאַתָּה קָדוֹשׁ 
יוֹשֵׁב תְּהִלּוֹת יִשְׂרָאֵל. קל נָא ",,,https://youtu.be/3osiYh1UYU4
,,"נִשְׁמַת כָּל חַי תְּבַרֵךְ אֶת שִׁמְךָ ה' אֱלֹקינוּ וְרוּחַ כָּל בָּשָׂר תְּפָאֵר וּתְרוֹמֵם 
זִכְרְךָ  מַלְכֵּנוּ  תָמִיד 
מִן הָעוֹלָם וְעַד הָעוֹלָם אַתָּה אֵ-ל 
וּמִבַּלְעָדֶיךָ אֵין לָנוּ מֶלֶךְ גּוֹאֵל וּמוֹשִיעַ ",,,?
,,עִבְדוּ אֶת-ה׳ בְּשִׂמְחָה בֹּאוּ לְפָנָיו בִּרְנָנָה כִּי־טוֹב ה׳ לְעוֹלָם חַסְדּוֹ וְעַד־דֹּר וָדֹר אֱמוּנָתוֹ ,,,https://youtu.be/8NgRvZGMaVg
,,"עוֹד יֵשְׁבוּ זְקֵנִים וּזְקֵנוֹת .בִּרְחֹבוֹת יְרוּשָׁלָיִם
וְאִישׁ מִשְׁעַנְתּוֹ בְּיָדוֹ .מֵרֹב  מֵרֹב יָמִים
וּרְחֹבוֹת הָעִיר יִמָּלְאוּ, יְלָדִים וִילָדוֹת מְשַׂחֲקִים
בִּרְחֹבֹתֶיהָ ",,,https://youtu.be/O0UhvvKIpFE
,,"עָלַץ לִבִּי  לִבִּי בַּהַ רָמָה קַרְנִי בַּהַ 
רָחַב פִּי עַל אוֹיְבַי .כִּי שָׂמַחְתִּי  בִּישׁוּעָתֶךָ
אֵין קָדוֹשׁ כַּהַ כִּי אֵין  בִּלְתֶּךָ
וְאֵין צוּר וְאֵין צוּר.כֵּאלֹקֵינוּ",,,https://youtu.be/ujXBAxiB4Q4
,,"פִּיהָ פָּתְחָה בְחׇכְמָה וְתוֹרַת חֶסֶד עַל־לְשׁוֹנָהּ
צוֹפִיָּה הֲלִיכוֹת בֵּיתָהּ וְלֶחֶם עַצְלוּת לֹא תֹאכֵל
קָמוּ בָנֶיהָ וַיְאַשְּׁרוּהָ בַּעְלָהּ וַיְהַלְלָהּ
רַבּוֹת בָּנוֹת עָשׂוּ חָיִל וְאַתְּ עָלִית עַל־כֻּלָּנָה",,,https://youtu.be/VWD7Rss8hGk
,,"פְּנֵי לְעֶלבּוֹן מְקוֹם עָוֹן לְהָשִׂים
צַחַן הָסֵר וְגַם תְּבַשֵׂר לְבָך חוֹסִים – סָלַחתִּי
קוֹלִי שְׁמַע  וּרְאֵה דֶּמַע  עֵינִי 
רִיב רִיבִי  שְׁעֵה נִיבִי וַהֲשִׁיבֵנִי סָלַחְתִּי",,,https://youtu.be/dqyN9QJr7Ho
,,צָמְאָה לְךָ נַפְשִׁי כָּמַהּ לְךָ בְּשָׂרִי,,,?
,,"צָמְאָה נַפְשִׁי לֵאלֹקים לְקֵל חָי
לִבִּי וּבְשָׂרִי יְרַנְּנוּ לְקֵל חָי",,,?
,,קוֹל בְּרָמָה נִשְׁמָע רָחֵל מְבַכָּה עַל בָּנֶיהָ,,,"https://youtu.be/_J3pY2LuNY4, https://youtu.be/izVKiUjGXSw,"
,,"קוֹלִי שְׁמַע  וּרְאֵה דֶּמַע  עֵינִי 
רִיב רִיבִי  שְׁעֵה נִיבִי וַהֲשִׁיבֵנִי סָלַחְתִּי",,,https://youtu.be/Q6UtlTXNIVI
,,"רִבּוֹן הָעוֹלָמִים יָדַעתִּי 
כִּי הִנְנִי בְּיָדךָ לְבַד 
כַּחוֹמֵר בְּיַד הַיוֹצֵר 
וְאִם גַם אֶתַאמֵץ בְעֵצוֹת וְתחַבְוּלוֹת 
וְכֹל יוֹשבֵי תֵבֵל יְעָמדוֹ לִימִינִי 
לְהוֹשִיעֵנִי וְלִסמוֹך נַפשִי 
מִבַּלַעדַי עוּזךָ וֽעֶזרָתךָ
אֵין אֵין אֵין עֶזרָה וְיְשוּעָה ",,,https://youtu.be/LYtBfTpGcQ8
,,"רִבּוֹן כָּל הָעוֹלָמִים לֹא עַל צִדְקוֹתֵינוּ 
אֲנַחְנוּ מַפִּילִים תַּחֲנוּנֵינוּ לְפָנֶיךָ 
כִּי עַל רַחֲמֶיךָ הָרַבִּים ",,,https://youtu.be/Uxa_WOx0rJQ
,,"רִבּוֹנוֹ שֶׁל עוֹלָם, יְהִי רָצוֹן מִלְּפָנֶיךָ 
קֵל רַחוּם וְחַנוּן שֶׁתְּזַכֵּנִי הַיוֹם וּבְכָל יוֹם 
לִשְׁמוֹר פִּי וּלְשׁוֹנִי מִלָּשׁוֹן הָרַע וּרְכִילוּת. 
וְיִהְיוּ כָל מַעֲשַׂי וְדִבּוּרַי לְשֵׁם שָׁמַיִם",,,https://youtu.be/MAwOfNi1HTA
,,"רַחֵם בְּחַסְדֶּךָ עַל עַמְּךָ צוּרֵנוּ 
עַל צִיּוֹן מִשְׁכַּן כְּבוֹדֶךָ בֶּן־דָּוִד עַבְדֶּךָ
יָבֹא וְיִגְאָלֵנוּ רוּחַ אַפֵּינוּ מְשִׁיחַ ה׳ ",,,
,,"רַחֲמָנָא דְעָנֵי דְעָנֵי לַעֲנִיֵּי 
רַחֲמָנָא דְעָנֵי  לִתְבִירֵי לִבָּא עֲנֵינָא ",benny friedman,,https://youtu.be/4R4dSEQUgWQ
,,"שָׁלוֹם רָב לְאֹהֲבֵי תוֹרָתֶךָ וְאֵֽין־לָמוֹ מִכְשֽׁוֹל
שִׂבַּרְתִּי לִישׁוּעָתְךָ ה וּֽמִצְותֶיךָ עָשִֽׂיתִי׃ 
שָֽׁמְרָה נַפְשִׁי עֵדֹתֶיךָ וָאֹהֲבֵם מְאֹֽד",,,"https://youtu.be/6vM3IedTPvA,https://youtu.be/g1AeNQpeFn0,"
,,שִׁפְכִי כַּמַיִם לִיבֵּך נוֹכַח פְּנֵי ה ,,,https://youtu.be/Sncu_SkljVU
,,"תְּפִילָה לְעָנִי כִּי יַעַטֹף וְלִפנֵי ה׳ יְשׁפֹּך שִיחוֹ 
ה׳ שְמָעָה תְּפִילָתִי וְשַׁועָתִי אֵלֶיךָ תָּבוֹא
=======
=======
>>>>>>> Stashed changes
"Avinu Av Harachaman, אָבִֽינוּ אָב הָרַחֲמָן",,"אָבִֽינוּ אָב הָרַחֲמָן<br>
הַמְרַחֵם רַחֵם עָלֵֽינוּ <br>
(טאַטֶע, אוֹי טאַטֶע)<br>
וְתֵן בְּלִבֵּנוּ בִּינָה<br>
לְהָבִין וּלְהַשְׂכִּיל<br>
לִשְׁמוֹעַלִ לְמוֹד וּלְלַמֵּד<br>
לִשְׁמוֹר  וְלַעֲשׂוֹת <br>
וּלְקַיֵּם אֶת כָּל דִּבְרֵי<br>
תַלְמוּד תּוֹרָתֶךָ בְּאַהֲבָה<br>",,,"https://www.youtube.com/watch?v=zV_GSoaOJFo, https://www.youtube.com/watch?v=-DACmtfohHE"
"avinu malkeinu ein lanu melech,אָבִינוּ מַלְכֵּנוּ אֵין לָנוּ מֶלֶךְ",,אָבִינוּ מַלְכֵּנוּ אֵין לָנוּ מֶלֶךְ אֶלָּא אָתָּה,,,https://youtu.be/I5Z_D97X24g?t=76
Acheinu,,"אַחֵינוּ כָּל בֵּית יִשְׂרָאֵל, <br>
הַנְּתוּנִים בְּצָרָה וּבַשִּׁבְיָה, <br>
הָעוֹמְדִים בֵּין בַּיָּם וּבֵין בַּיַּבָּשָׁה,<br> 
הַמָּקוֹם יְרַחֵם עֲלֵיהֶם<br>
וְיוֹצִיאֵם מִצָּרָה לִרְוָחָה<br>
וּמֵאֲפֵלָה לְאוֹרָה, <br>
וּמִשִּׁעְבּוּד לִגְאֻלָּה, <br>
הַשְׁתָּא בַּעֲגָלָא וּבִזְמַן קָרִיב.. ",,,https://youtu.be/q4PxCtN5BgE
Ilan Ilan,,"אִילָן אִילָן בַּמָּה אֲבָרֶכְךָ <br>
שֶׁיְּהוּ פֵּירוֹתֶיךָ מְתוּקִין<br>
הֲרֵי פֵּירוֹתֶיךָ מְתוּקִין<br>
שֶׁיְּהֵא צִילְּךָ נָאֶה<br>
הֲרֵי צִילְּךָ נָאֶה<br>
אֶלָּא יְהִי רָצוֹן <br>
שֶׁכׇּל נְטִיעוֹת<br>
שֶׁנּוֹטְעִין מִמְּךָ יִהְיוּ כְּמוֹתְךָ<br>",,,"https://www.youtube.com/watch?v=pSiwTwYYO94&pp=ygUJaWxhbiBpbGFu, https://youtu.be/VUaAAj3t_HU"
Ein Aroch,,"אֵין עֲרוֹךְ לְךָ, וְאֵין זוּלָתֶֽךָ<br>
אֶֽפֶס בִּלְתֶּֽךָ, וּמִי דּֽוֹמֶה לָּךְ<br>
אֵין עֲרוֹךְ לְךָ, הַ׳ אֱלֹקינוּ, בָּעוֹלָם הַזֶּה<br>
 וְאֵין זוּלָתְךָ מַלְכֵּֽנוּ לְחַיֵּי הָעוֹלָם הַבָּא<br>",,,"https://www.youtube.com/watch?v=eTBqH3QlTJQ, https://www.youtube.com/watch?v=qlpj_7qXmlY&pp=ygUPZWluIGFyb2NoIGxlY2hh"
"Proik, Prok",,"אֱלָהָא דִּי לֵהּ יְקַר וּרְבוּתָא<br>
פְּרוֹק יַת עָנָךְ מִפּוּם אַרְיְוָתָא<br>
וְאַפֵּיק יַת עַמֵּךְ מִגּוֹ גָלוּתָ<br>
עַמֵּךְ דִּי בְחַרְתְּ מִכָּל אֻמַּיָּא<br>",,,"https://www.youtube.com/watch?v=medQfTWMs8Q, https://www.youtube.com/watch?v=DLVLnKaSt1Q"
Eilecha,,"אֵלֶיךָ ה' אֶקְרָא; וְאֶל- ה', אֶתְחַנָּנ<br>
שְׁמַע-ה' וְחָנֵּנִי; ה' הֱיֵה-עֹזֵר לִי <br>",,,https://www.youtube.com/watch?v=WvH3CdtkgQ0
Elokai ,,"אֱלקי נְשָׁמָה שֶׁנָּתַתָּ בִּי טְהורָה הִיא<br>
אַתָּה בְרָאתָהּ, אַתָּה יְצַרְתָּהּ<br>
אַתָּה נְפַחְתָּהּ בִּי וְאַתָּה מְשַׁמְּרָהּ בְּקִרְ<br>
בִּי וְאַתָּה עָתִיד לִטְּלָהּ מִמֶּנִּי<br>
וּלְהַחֲזִירָהּ בִּי לֶעָתִיד לָבוֹא",Baruch Levine,,https://www.youtube.com/watch?v=1a2oVRiiwyE
Al Tira,,"אַל תִּירָא כִּי יַעֲשִׁר אִישׁ<br>
כִּי יִרְבֶּה כְּבוֹד בֵּיתוֹ. <br>
כִּי לֹא בְמוֹתוֹ יִקַּח הַכֹּל <br>
לֹא יֵרֵד אַחֲרָיו כְּבוֹדוֹ",Miami,,https://www.youtube.com/watch?v=1a2oVRiiwyE
Im Eshkochech,,"אִם אֶשְׁכָּחֵךְ יְרוּשָׁלָיִם, תִּשְׁכַּח יְמִינִי.<br> 
תִּדְבַּק לְשׁוֹנִי לְחִכִּי אִם לֹא אֶזְכְּרֵכִי, <br>
אִם לֹא אַעֲלֶה אֶת יְרוּשָׁלַֽיִם<br>
עַל רֹאשׁ שִׂמְחָתִי",Shwekey,,https://www.youtube.com/watch?v=3Em9oLEP5EM
"Im Hayu, Mesikus Hatorah",,"אִם הָיוּ בְּנֵי אָדָם מַרְגִּישִׁים<br>
בִּמְתִיקוּת וַעֲרֵיבוּת טוּב הַתּוֹרָה<br>
הָיוּ, הָיוּ מִשְׁתַּגְּעִים - וּמִתְלַהֲטִים אַחֲרֶיהָ<br>
וְלֹא יֵחָשֵׁב בְּעֵינֵיהֶם, מְלוֹא עוֹלָם<br>
כֶּסֶף וְזָהָב, לִמְאוּמָה<br>
כִּי הַתּוֹרָה כּוֹלֶלֶת כָּל הַטּוֹבוֹת שֶׁבָּעוֹלָם<br>",Yisroel Werdyger,,https://www.youtube.com/watch?v=BYevuiqL9QI
Ana Bikoach,,"אָנָּא בְּכֹחַ גְּדֻלַּת יְמִינְךָ תַּתִּיר צְרוּרָה<br>
קַבֵּל רִנַּת עַמְּךָ  שַׂגְּבֵנוּ טַהֲרֵנוּ נוֹרָא<br>",,,x
Ana Avdah,,"אֲנָא עַבְדָּא ,דְקֻדְשָׁא בְּרִיךְ הוּא",,,https://www.youtube.com/watch?v=z4e8FQhv1TM
Ana Hashem,,"אָנָּה ה', כִּי-אֲנִי עַבְדֶּךָ אֲנִי-עַבְדְּךָ,<br> 
בֶּן-אֲמָתֶךָ; פִּתַּחְתָּ, לְמוֹסֵרָי",,,https://www.youtube.com/watch?v=g-sTY08ORU4&pp=ygUVYW5hIGhhc2hlbSBjYXJsZWJhY2gg
"Ani Yishaina, Pischi Li",,"אֲנִי יְשֵׁנָה וְלִבִּי עֵר קוֹל  דּוֹדִי דוֹפֵק<br>
פִּתְחִי־לִי אֲחֹתִי רַעְיָתִי יוֹנָתִי תַמָּתִי",,,https://youtu.be/YZJQ3rZ-TQs
Ani Maamin,,"אֲנִי מַאֲמִין בֶּאֱמוּנָה שְׁלֵמָה<br>
בְּבִיאַת הַמָּשִׁיחַ וְאַף עַל פִּי שֶׁיִּתְמַהְמֵהַּ<br>
עִם כָּל זֶה אֲחַכֶּה לּוֹ בְּכָל יוֹם שֶׁיָּבוֹא",,,"https://youtu.be/Y3gSOBfIvLA, https://youtu.be/igcAmD8kuOI,"
Ani Maamin,,"אֲנִי מַאֲמִין בֶּאֱמוּנָה שְׁלֵמָה <br>
שֶׁהַבּוֹרֵא יִתְבָּרַךְ שְׁמוֹ <br>
הוּא בוֹרֵא וּמַנְהִיג לְכָל הַבְּרוּאִים <br>
וְהוּא לְבַדּוֹ עָשָׂה וְעוֹשֶׂה וְיַעֲשֶׂה<br>
 לְכָל הַמַּעֲשִׂים ",,,https://www.youtube.com/watch?v=YztAoobKUwU&t=1s
Ekrah,,"אֶקְרָא לֵאלֹקים עֶלְיוֹן<br>
לָאֵל גֹּמֵר עָלָי <br>
יִשְׁלַח מִשָּׁמַיִם וְיוֹשִׁיעֵנִי<br>
חֵרֵף שֹׁאֲפִי סֶלָה ",Shalsheles,,https://www.youtube.com/watch?v=_I0z_IHzIdI
Esa Einai,,"אֶשָּׂא עֵינַי, אֶל-הֶהָרִים, מֵאַיִן יָבֹא עֶזְרִי <br>
עֶזְרִי מֵעִם ה' עֹשֵׂה שָׁמַיִם וָאָרֶץ <br>
הִנֵּה לֹא יָנוּם, וְלֹא יִישָׁן שׁוֹמֵר יִשְׂרָאֵל",,,https://www.youtube.com/watch?v=IGnfwtlqZ2M&pp=ygUJZXNhIGVpbmFp
Es Tzemach,,"אֶת־צֶֽמַח דָּוִד עַבְדְּךָ מְהֵרָה תַצְמִֽיחַ<br>
וְקַרְנוֹ תָּרוּם בִּישׁוּעָתֶֽךָ<br>
כִּי לִישׁוּעָתְךָ קִוִּֽינוּ כָּל הַיּוֹם",,,https://youtu.be/wMaHcF0Me7c
"Atoh Horaisa, Ayn Kamocha",,"אַתָּה הָרְאֵתָ לָדַעַת, כִּי ה' הוּא הָאֱלֹקִים <br>
אֵין כָּמוֹךָ בָאֱלֹקִים הַ׳ <br>
וְאֵין כְּמַעֲשֶׂיךָ אֵין עוֹד מִלְּבַדּוֹ",,,https://youtu.be/JA1wESz6iBg?t=48
Bilvovi,,"בִּלְבָבִי מִשְׁכָּן אֶבְנֶה לַהֲדַר כְּבוֹדוֹ<br>
וּלמִּשְׁכָּן מִזְבֵּֽחַ אָשִׂים לְקַרְנֵי הוֹדוֹ<br>
וּלְנֵר תָּמִיד אֶקַּח לִי אֶת–אֵשׁ הָעֲקֵידָה<br>
וּלְקָרְבָּן אַקְרִיב לוֹ אֶת נַפְשִי הַיְחִידָה",,,https://youtu.be/VMftk982Epo
Baavur Avoseinu,,"בַּעֲבוּר אֲבוֹתֵינוּ שֶׁבָּטְחוּ בְךָ<br>
וַתְּלַמְּדֵם חֻקֵּי חַיִּים כֵּן תְּחָנֵּנוּ וּתְלַמְּדֵנוּ<br>
וְתֵן בְּלִבֵּנוּ לְהָבִין לִלְמוֹד וּלְלַמֵּד בְּאַהֲבָה ",,,https://youtu.be/7dFGoSctbyg
Bsheim Hashem,,"בְּשֵׁם הַשֵּׁם אֱלֹקי יִשְׂרָאֵל<br>
מִימִינִי מִיכָאֵל וּמִשְּׂמֹאלִי גַּבְרִיאֵל<br>
וּמִלְּפָנַי אוּרִיאֵל וּמֵאֲחוֹרַי רְפָאֵל <br>
רֹאשִׁי שְׁכִינַת אֵ-ל<br>
לֹא תִירָא  מִפַּחַד לָיְלָה מֵחֵץ יָעוּף יוֹמָם",,, https://youtu.be/85SN4K8NdmM
"Bshoh, Anovim",,"בְּשָׁעָה שֶׁמֶּלֶךְ הַמָּשִׁיחַ בָּא<br>
עוֹמֵד עַל גַּג בֵּית הַמִּקְדָּשׁ<br>
וּמַשְׁמִיעַ לְיִשְׂרָאֵל וְאוֹמֵר<br>
עֲנָוִים עֲנָוִים הִגִּיעַ זְמַן גְּאֻלַּתְכֶם <br>
וְאֵם אֵין אַתֶּם מַאֲמִינִים<br>
רָאוּ בְּאוֹרִי שֶׁזּוֹרֵחַ<br>",,,"https://www.youtube.com/watch?v=nb8MkUtdrpo, https://youtu.be/5v4kyAeL6eo,"
Gam Ki Eilech,,"גַּם כִּי-אֵלֵךְ בְּגֵיא צַלְמָוֶת<br>
לֹא אִירָא רָע כִּי-אַתָּה עִמָּדִ<br>
שִׁבְטְךָ וּמִשְׁעַנְתֶּךָ הֵמָּה יְנַחֲמֻנִי",,,https://youtu.be/fD7yBFImhX4?t=51
Habein Yakir Li,,"הֲבֵן יַקִּיר לִי אֶפְרַיִם אִם יֶלֶד שַׁעֲשׁוּעִים<br>
כִּי מִדֵּי דַבְּרִי בּו זָכר אֶזְכְּרֶנּוּ עוֹד <br>
עַל כֵּן הָמוּ מֵעַי לו רַחֵם אֲרַחֲמֶנּוּ נְאֻם ה",,,https://youtu.be/OlJFy5C0MKI?t=27
Habeit,,"הַבֵּט מִשָּׁמַֽיִם וּרְאֵה<br>
כִּי הָיִֽינוּ לַֽעַג וָקֶֽלֶס בַּגּוֹיִם<br>
נֶחְשַֽׁבְנוּ כַּצֹּאן לָטֶֽבַח יוּבָל<br>
לַהֲרוֹג וּלְאַבֵּד וּלְמַכָּה וּלְחֶרְפָּה<br>
וּבְכָל־זֹאת שִׁמְךָ לֺא שָׁכָֽחְנוּ<br>
נָא אַל־תִּשְׁכָּחֵֽנוּ: ",,,https://www.youtube.com/watch?v=3sko0Hw6gYY
Higoleh Na,,"הִגָלֵה נָא וּפְרש חָבִיבי עָלַי <br>
אֶת סֻכַת שְלומָךְ",,,https://youtu.be/CJd2-pAUso8
Heimah,,"הֵמָּה כָּרְעוּ וְנָפָלוּ וַאֲנַחְנוּ קַּמְנוּ וַנִּתְעוֹדָֽד<br>
הַ׳ הוֹשִׁיעָה הַמֶּלֶךְ יַעֲנֵנוּ בְיוֹם־קרְאֵנוּ",,,https://www.youtube.com/watch?v=Y_jY2hqPeHw&
Hamalach,,"הַמַּלְאָךְ הַגֹּאֵל אֹתִי מִכָּל-רָע<br>
יְבָרֵךְ אֶת-הַנְּעָרִים וְיִקָּרֵא בָהֶם שְׁמִי<br> 
וְשֵׁם אֲבֹתַי אַבְרָהָם וְיִצְחָק <br>
וְיִדְגּוּ לָרֹב בְּקֶרֶב הָאָרֶץ",,,https://youtu.be/Y_jY2hqPeHw
Hishbati,,"הִשְׁבַּעְתִּי אֶתְכֶם בְּנוֹת יְרוּשָׁלָםִ <br>
אִם תִּמְצְאוּ אֶת דּוֹדִי מַה תַּגִּידוּ לוֹ<br>
שֶׁחוֹלַת אַהֲבָה אָנִי",,,https://www.youtube.com/watch?v=CXiIJ8IZNKI
Vaani Bechasdecha,,"וַאֲנִי בְּחַסְדְּךָ בָטַחְתִּי יָגֵל לִבִּי בִּֽישׁוּעָתֶךָ <br>
אָשִׁירָה לַֽה' כִּי גָמַל עָלָֽי",,,https://www.youtube.com/watch?v=Dw-FJJOjglE
Veafilu Bihastara,,"וִאַפִילוּ בְּהַסתּוּרָה שֶבְּתוֹךְ הַסתּוּרָה <br>
בְּווַדַאי גַם שוּם נִמצָא הַשֵם יִתבָּרַך.<br>
גַם מֵאַחוֹרֵי הַדבוּריִם הַקוּשִׁים <br>
הוּעוֹברִים עָלֶיךָ - אַנִי עוֹמֵד",,,https://www.youtube.com/watch?v=8Opq1AiZXco&pp=ygURdmVhZmlsdSBiZWhhc3RhcmE%3D
"Veatem Tihyu Li, Mamleches Kohanim",,"וְאַתֶּם תִּהְיוּ־לִי ,מַמְלֶכֶת כֹּהֲנִים וְגוֹי קָדוֹשׁ",,,https://www.youtube.com/watch?v=sssFjqCd3-0&pp=ygURbWFtbGVjaGVzIGtvaGFuaW0%3D
Vhaviosim,,"וַהֲבִיאוֹתִים אֶל-הַר קָדְשִׁי <br>
וְשִׂמַּחְתִּים בְּבֵית תְּפִלָּתִי<br>
עוֹלֹתֵיהֶם וְזִבְחֵיהֶם לְרָצוֹן  עַל-מִזְבְּחִי<br>
כִּי בֵיתִי  בֵּית-תְּפִלָּה יִקָּרֵא לְכָל-הָעַמִּים",,,https://www.youtube.com/watch?v=W1-ZlpSRQ2c
Vhu Keili,,"וְהוּא קֵלִי וְחַי גוֹאֲלִי וְצוּר חֶבְלִי בְּעֵת צָרָה <br>
וְהוּא נִסִּי וּמָנוֹס לִי מְנָת כּוֹסִי בְּיוֹם אֶקְרָא <br>
בְּיָדוֹ אַפְקִיד רוּחִי בְּעֵת אִישָׁן וְאָעִירָה<br>
וְעִם רוּחִי גְּוִיָּתִי הַ’ לִי  וְלֹא אִירָא",Baruch Levine,,https://youtu.be/YyZvtxPcadk
Vhi Sheamda,,"וְהִיא שֶׁעָמְדָה לַאֲבוֹתֵיֽנוּ וְלָנֽוּ<br>
שֶׁלֹא אֶחָד בִּלְבָד  עָמַד עָלֵיֽנוּ לְכַלּוֹתֵנֽוּ<br>
וְהַקָּדוֹשׁ בָּרוּךְ הוּא מַצִּילֵנוּ מִיָּדָם",Yaakov Shwekey,,https://youtu.be/qoUj5obgdxg?t=53
Vihi Noam,,"וִיהִי נֹעַם הַ׳ אֱלֹקינוּ עָלֵינוּ <br>
וּמַעֲשֵׂה יָדֵינוּ כּוֹנְנָה עָלֵינוּ <br>
וּמַעֲשֵׂה יָדֵינוּ כּוֹנְנֵהוּ",Motty Steinmetz,,https://youtu.be/y7pL8QIb9Yo?t=33
Viyihu Zari,,"וְיִהְיוּ זַרְעִי וְזֶרַע זַרְעִי<br>
תַּלְמִידֵי חֲכָמִים, וַחֲסִידִים <br>
אֲהוּבִים לְמַעְלָה וְנֶחְמָדִים לְמַטָּה<br>
וְתַחְזִיק אֶת לְבָבָם, לְתּוֹרָה וַעֲבוֹדָה<br>
הַכֹּל, בִּרְצוֹנְךָ הַטּוֹב<br>
וְאֶזְכֶּה לִרְאוֹת לִרְאוֹת בָּנִים ,בָּנִים וּבְנֵי בָּנִים<br>
עוֹסְקִים בַּתּוֹרָה ,בַּתּוֹרָה וּמִצְוֹת בֶּאֱמֶת<br>",,,https://youtu.be/IFvn8df6TCg?t=29
Vhinei Hashem,,"וְהִנֵּה ה' נִצָּב עָלָיו<br>
וּ""מְלֹא כָל הָאָרֶץ כְּבוֹדוֹ <br>
וּמַבִּיט עָלָיו וּבוֹחֵן כְּלָיוֹת<br>
וָלֵב אִם עוֹבְדוֹ כָּרָאוּי ",,,https://www.youtube.com/watch?v=BPxd-sqtZyk
Umacha,,"וּמָחָה הַ׳ דִמָעה מֵעַל כָּל פָּנִים <br>
וחֶרפַּת עַמוֹ יָסִיר מֵעַל כָּל הָאָרֶץ",Baruch Levine,,https://youtu.be/_-umILisNLs?t=29
Vhareinu,,"וְהַרְאֵֽנוּ בְּבִנְיָנוֹ וְשַׂמְּחֵֽנוּ בְּתִקּוּנוֹ<br>
וְהָשֵׁב כֹּהֲנִים לַעֲבוֹדָתָם <br>
וּלְוִיִּם לְשִׁירָם וּלְזִמְרָם <br>
וְהָשֵׁב יִשְׂרָאֵל לִנְוֵיהֶם <br>
וְשָׁם נַעֲלֶה וְנֵרָאֶה וְנִשְׁתַּחֲוֶה לְפָנֶֽיךָ <br>
בְּנֵה בֵיתְךָ כְּבַתְּחִלָּה <br>",,,https://youtu.be/QiadgWV4YxI?t=43
Vzakeini,,"וְזַכֵּנִי לְגַדֵל בָּנִים וּבְנֵי בָנִים<br>
חֲכָמִים וּנְבוֹנִים<br>
אוֹהַבֵי הַשֵם יִראֵי אֶלֹקִים <br>
אַנְשֵי אֶמֶת זֶרַע קוֹדֶשׁ בַשֵם דְּבֵקִים <br>
וּמְאִירִים אֶת הָעוֹלָם <br>
בַּתוֹרָה וּבְמַעֲשִים טוֹבִים <br>
וּבְכָל מְלֶאכֶת עֲבוֹדַת הַבוֹרֵא",,,https://youtu.be/QiadgWV4YxI?
Vihi Ratzon,,"וִיהִי רָצוֹן מִלִּפְנֵי אָבִינוּ שֶׁבַּשָּׁמַיִם<br>
שֶׁיִּתֵּן בְּלִבְּךָ  אַהֲבָתוֹ וְיִרְאָתוֹ<br>
וְתִהְיֶה יִרְאַת הַ’  עַל פָּנֶיךָ<br>
כֹּל יְמֵי  יְמֵי חַיֶּיךָ <br>
וְיִתֶּן  לְךָ בָּנִים  בָּנִים  וּבָנוֹת<br>
צַדִּיקִים וְצַדִּיקוֹת/וְצִדְקָנִיּוֹת<br>
עוֹסְקִים בַּתּוֹרָה וּבְמִצְווֹת",Simcha Leiner,,https://youtu.be/e1iLc_4Gsdk?t=28
Vcho Mi Sheoskim,,"וְכָל מִי שֶׁעוֹסְקִים בְּצָרְכֵי צִבּוּר בֶּאֱמוּנָה<br>
הַקָּדוֹשׁ  בָּרוּךְ הוּא יְשַׁלֵּם שְׂכָרָם<br>
וְיָסִיר מֵהֶם כָּל מַחֲלָה <br>
וְיִרְפָּא  לְכָל גּוּפָם וְיִסְלַח לְכָל עֲוֹנָם<br>
וְיִשְׁלַח בְּרָכָה וְהַצְלָחָ בְּכָל מַעֲשֵׂה יְדֵיהֶם<br>
עִם כָּל יִשְׂרָאֵל אֲחֵיהֶם וְנֹּאמַר אָמֵן",Yehudah Green,,https://youtu.be/xi_EPclMZjY
Vlirushalayim,,"וְלִירוּשָלַיִם עִירְךָ בְּרַחֲמִים תָּשוּב<br>
וְתִּשְׁכוֹן בְּתוֹכָהּ כַּאֲשֶׁר דִבַּרְתָּ<br>
וּבְנֵה אוֹתָהּ בְּקָרוֹב בְּיָמֵינוּ בִּניַן עוֹלָם<br>
וְכִסֵּא דָוִד עַבְדְּךָ מְהֵרָה לְתוֹכָהּ תָּכִין",,,https://youtu.be/snkxWQw0swQ
Umacha,,"וּמָחָה הַ׳ דִמָעה מֵעַל כָּל פָּנִים <br>
וחֶרפַּת עַמוֹ יָסִיר מֵעַל כָּל הָאָרֶץ ",Baruch Levine, ,https://www.youtube.com/watch?v=0O0kMAlhLto&pp=ygUUdW1vY2hhIGJhcnVjaCBsZXZpbmU%3D
Umishefa,,"וּמִשֶּׁפַע מִצְוַת תְּפִלִּין יִתְמַשֵּׁךְ עָלַי <br>לִהְיוֹת לִי חַיִּים אֲרֻכִים וְ<br>שֶׁפַע קֹדֶשׁ  וּמַחֲשָׁבוֹת קְדוֹשׁוֹת<br>
וּמִשֶּׁפַע מִצְוַת תְּפִלִּין יִתְמַשֵּׁךְ עָלַי <br>
בְּלִי הִרְהוּר חֵטְא  וְעָוֹן כְּלָל",Baruch Levine,,?
V'nacha,,"וְנָחָה עָלָיו, רוּחַ הַ’ ,רוּחַ חָכְמָה וּבִינָה,<br>
רוּחַ עֵצָה וּגְבוּרָה, רוּחַ דַּעַת וְיִרְאַת הַ",Eitan Katz,,https://www.youtube.com/watch?v=jEp-VIEtV94
Torah Hakdosha,,"ועַתָּה כִּתְבוּ לָכֶם אֶת־הַשִּׁירָה הַזֹּאת<br>
וְלַמְּדָהּ אֶת־בְּנֵי־יִשְׂרָאֵל<br>
תּוֹרָה הַקְּדוֹשָׁה הִתְחַנְּנִי בְּבַקָּשָׁ<br>
.פְּנֵי הַצּוּר נַעֲרָץ בִּקְדֻשָּׁה ",Mordechai Ben David,,https://youtu.be/ShTNwy18Les
Vseiarev,,"וְתֵעָרֵב לְפָנֶיךָ עֲתִירָתֵנוּ<br>
אָנָּא רַחוּם, בְּרַחֲמֶיךָ הָרַבִּים<br>
הָשֵׁב שְׁכִינָתְךָ לְצִיּוֹן עִירֶךָ <br>
וְסֵדֶר הַעֲבוֹדָה לִירוּשָׁלָיִם",Rechnitz,,https://youtu.be/IKMFDzRP9Rg?t=73
Chazek Kiryasi,,"חַזֵּק קִרְיָתִי קֵל אֱלֹקִים עֶלְיוֹן<br>
וְהָשֵׁב אֶת נְוָתִי בְּשִּׂמְחָה וּבְהִגָּיוֹן<br>
יְשׁוֹרְרוּ שָׁם רְנָנַי לְוִיַי וְכֹהֲנַי<br>
אָז תִּתְעַנַג עַל הַ׳ שַׁבַּת הַיּוֹם לַהַ׳",Ari Goldwag,,https://youtu.be/X7QQuNGbwb4?t=30
Chamol,,"חֲמוֹל עַל מַעֲשֶׂיךָ  וְתִשְׂמַח בְּמַעֲשֶׂיךָ<br>
וְיֹאמְרוּ לְךָ חוֹסֶיךָ  בְּצַדֶּקְךָ עֲמוּסֶיךָ<br>
תֻּקְדַּשׁ אָדוֹן עַל כָּל מַעֲשֶׂיךָ <br>
כִּי מַקְדִּישֶׁיךָ בִּקְדֻשָּׁתְךָ קִדַּשְׁתָ <br>
נָאֶה לְקָדוֹשׁ פְּאֵר מִקְּדוֹשִׁים",,,https://youtu.be/PybCbh52PUA?t=35
Chasoif,,"חֲשׂוֹף זְרוֹעַ קָדְשֶׁךָ וְקָרֵב קֵץ הַיְשׁוּעָה<br>
נְקֹם נִקְמַת  דַּם עֲבָדֶיךָ מֵאֻמָּה הָרְשָׁעָה<br>
כִּי אָרְכָה לָנוּ הַיְשׁוּעָה וְאֵין קֵץ לִימֵי הָרָעָה<br>
דְּחֵה אַדְמוֹן בְּצֵל צַלְמוֹן הָקֵם לָנוּ רוֹעֶה שִׁבְעָה",,,https://youtu.be/sS5yA6xpysU
,,"חֶסֶד יְסוֹבְבֶנּוּ ’הַבּוֹטֵחַ בַּהַ’<br>
בֶּאֱמוּנָתוֹ יִחְיֶה צַדִּיק צַדִיק",Yitzy Bald/NYBC,,https://youtu.be/Ckcbpun4_yI
Tov Lehodos,,"טוֹב לְהֹדוֹת לַה'  וּלְזַמֵּר לְשִׁמְךָ עֶלְיוֹן<br>
לְהַגִּיד בַּבֹּֽקֶר חַסְדֶּֽךָ וֶאֱמוּנָתְךָ בַּלֵּילוֹת",,,https://youtu.be/WTSD2opc47c
Yibaneh Hamikdash,,"יִבָּנֶה הַמִּקְדָּשׁ עִיר צִיּוֹן תְּמַלֵּא<br>
וְשָׁם נָשִׁיר שִׁיר חָדָשׁ וּבִרְנָנָה נַעֲלֶה",,,?
Yemin Hashem,,"יְמִין הַ’ רוֹמֵמָה, יְמִין הַ’ עֹשָׂה חָיִל",,,?
Yaaleh Vyavo,,"יַעֲלֶה וְיָבֹא וְיַגִּיעַ וְיֵרָאֶה <br>
וְיֵרָצֶה וְיִשָּׁמַע וְיִפָּקֵד <br>
וְיִזָּכֵר זִכְרוֹנֵנוּ וּפִקְדוֹנֵנוּ <br>
וְזִכְרוֹן אֲבוֹתֵינוּ<br>
וְזִכְרוֹן מָשִׁיחַ בֶּן דָּוִד עַבְדֶּךָ <br>
וְזִכְרוֹן יְרוּשָׁלַיִם עִיר קָדְשֶׁךָ<br>
וְזִכְרוֹן כָּל עַמְּךָ בֵּית יִשְׂרָאֵל<br>
לְפָנֶיךָ לִפְלֵטָה לְטוֹבָה   ",,,https://youtu.be/stA4jWKY-uo?t=47
Yaaleh Vyavo,,"יַעֲלֶה תַּחֲנוּנֵנוּ מֵעֶרֶב<br>
וְיָבוֹא שַׁוְעָתֵנוּ מִבֹּקֶר<br>
וְיֵרָאֶה בַּקָּשָׁתֵנוּ עַד עָרֶב<br>
וְיֵרָאֶה נַאֲקָתֵנוּ עַד עָרֶב",MBD,,https://youtu.be/jL7uTLfzUMU
Yesimech,,"יְשֲׁמֵך אֱלֹקִים כֶּאֶפְרַיִם וְכִמְנָשֶׁה<br>
יְשֲׁמֱֳך אֶלׂקִים כְּשָׁרָה רִבְקָה רָחֵל וְלֱאָה <br>
יְבָרֶכְךָ ה' וְיִשְׁמְרֶךָ יָאֵר ה' פָּנָיו אֵלֶיךָ וִיחֻנֶּךָּ:<br>
יִשָּׂא ה' פָּנָיו אֵלֶיךָ וְיָשֵׂם לְךָ שָׁלוֹם",,,https://youtu.be/sNIKkk4S1VI?t=32
Keayol Taarog,,"כְּאַיָּל תַּעֲרֹג עַל-אֲפִיקֵי-מָיִם<br>
כֵּן נַפְשִׁי תַעֲרֹג אֵלֶיךָ אֱלֹקִים<br>
צָמְאָה נַפְשִׁי  לֵאֱלֹקִים - לְקֵל חָי<br>
מָתַי אָבוֹא; וְאֵרָאֶה פְּנֵי אֱלֹקים",,,"https://www.youtube.com/watch?v=SbCfwD5yo, https://youtu.be/CmrBRb6uCCg?t=29, https://youtu.be/117ED6_iEVU,"
Kad Yasvun,,"כַּד יַתבֻון יְשׂרָאֵל וְעֹסקִין בֽשִמחַת הַתֹּורָה<br>
קוּדְשָׁא בְּריךְ הוּא אֹומֵר לְפַלמַיא דִילֵיה<br>
חַזוּ בָּנַי חַבִיבַי ",,,https://youtu.be/PWbfWxxYCCo?t=23
Koh Amar,,"כֹּה אָמַר ה' זָכַרְתִּי לָךְ חֶסֶד נְעוּרַיִךְ<br>
אַהֲבַת כְּלוּלֹתָיךְ <br>לֶכְתֵּךְ אַחֲרַי בַּמִּדְבָּר <br>
בְּאֶרֶץ לֹא זְרוּעָה",,,https://youtu.be/RGeU66lU80w
Ki Hu Levado,,"כִּי הוּא לְבַדּוֹ פּוֹעֵל גְּבוּרוֹ עֹשֶׂה חֲדָשׁוֹת<br>
בַּֽעַל מִלְחָמוֹת זוֹרֵֽעַ צְדָקוֹת <br>
מַצְמִֽיחַ יְשׁוּעוֹת בּוֹרֵא רְפוּאוֹת <br>
נוֹרָא תְהִלּוֹת אֲדוֹן הַנִּפְלָאוֹת",Yossi Hecht,,https://youtu.be/enzW30WrYqM
Ki Lashem,,"כִּי לַהַּ׳ הַמְלוּכָה וּמוֹשֵל בַּגוֹיִים<br>
וְהָיָה הַּ׳ לְמֶלֶך עַל כָּל הָאָרֶץ<br>
בַּיוֹם הַהוּא יִהיֶה הַּ׳ אֶחָד וּשׁמוֹ אֶחָד ",,,https://youtu.be/furTMTmuYbs
Ki Karov,,"כִּי קָרוֹב  אֵלֶיךָ הַדָבָר מְאוֹד<br>
בְּפִיךָ  וּבִלְבָבְךָ לַעֲשׂוֹתוֹ",Eitan katz,,https://youtu.be/GNf2zRpprPo
Kol Haolam Kulo,,"כָּל הָעוֹלָם כֻּלוֹ גֶשֶׁר צַר מְּאֹד <br>
וְהָעִיקָר לֹא לְפַחֵד כְּלַל",,,x
Keser ,,"כֶּתֶר יִתְּנוּ לְךָ  ה' אֱלֹקינוּ<br>
מַלְאָכִים הֲמוֹנֵי מַעְלָה <br>
עִם עַמְּךָ יִשְׂרָאֵל קְבוּצֵי מַטָּה<br>
יַחַד כֻּלָּם קְדֻשָּׁה לְךָ יְשַׁלֵּשׁוּ<br>",Isaac Honig,,https://youtu.be/sUJ_5DjSSpc
Lev Tahor,,"לֵב טָהוֹר בְּרָא-לִי אֱלֹקים<br>
 וְרוּחַ נָכוֹן  חַדֵּשׁ בְּקִרְבִּי<br>
 אַל-תַּשְׁלִיכֵנִי מִלְּפָנֶיךָ<br>
 וְרוּחַ קָדְשְׁךָ אַל-תִּקַּח מִמֶּנִּי",,,?
Lulei Sorascha,,לוּלֵי תוֹרָתְךָ שַׁעֲשֻׁעָי אָז אָבַדְתִּי בְעָנְיִֽ,Carlebach,,https://youtu.be/9Xu1CD83bjw
Lecha  Amar Libi,,לְךָ אָמַר לִבִּי בַּקְּשׁוּ פָנָי אֶת פָּנֶיךָ ה אֲבַקֵּֽשׁ,,,?
Lakol Z'man Vaeis,,"לַכֹּל זְמָן וְעֵת ... תַּחַת הַשָּׁמָיִם עֵת לֶאֱהֹב<br>
וְעֵת לִשְׂנֹא עֵת מִלְחָמָה וְעֵת שָׁלוֹם ",,,https://youtu.be/gACSLkh_tbY
Lmaancha,,"לְמַעַנְךָ אֶלקֵינוּ עֲשֵׂה וְלא לָנוּ <br>
רְאֵה עֲמִידָתֵנוּ  דַּלִּים וְרֵקִים <br>
הַנְּשָׁמָה לָךְ וְהַגּוּף פָּעֳלָךְ <br>
חוּסָה עַל עֲמָלָךְ הַנְּשָׁמָה לָךְ ",Eitan Katz,,https://youtu.be/c08WY2MNCH8
Lmaan Achai,,"לְמַעַן אַחַי וְרֵעָי אֲדַבְּרָה נָּא שָׁלוֹם בָּךְ <br>
לְמַעַן בֵּית ה׳ אֱלוֹהֵינוּ אֲבַקְשָׁה טוֹב לָךְ",,,https://youtu.be/OIBdca-t-_M
Ich Vil Zein,,"לְעוֹלָם יְהֵא אָדָם  יְרֵא שָמַים<br>
טַאטֶע טַאטֶע טַאטֶע אִיך וִויל זַיין <br>
אוי אִיך וִויל זַיין אַ יְרֵא שָמַים",,,https://youtu.be/cKBalZFrfTE
,,,,,"https://youtu.be/wyWKRPNTlkA?t=34, https://youtu.be/EYclGW5S4dE,"
Mehaira,,"מְהֵרָה, הַ׳ אֶלקֵינוּ<br>
עוֹד יִשָּׁמַע בְּעָרֵי יְהוּדָה<br>
וּבְחֻצוֹת יְרוּשָׁלָֽיִם<br>
קוֹל שָׂשׂוֹן וְקוֹל שִׂמְחָה<br>
קוֹל חָתָן וְקוֹל כַּלָּה<br>
קוֹל מִצְהֲלוֹת חֲתָנִים מֵחֻפָּתָם<br>
וּנְעָרִים מִמִּשְׁתֵּה נְגִינָתָם",,,
Mi Von Siach,,"מִי בַן שִיחַ שׁוֹשַׁן חוֹחִים <br>
אַהַבַת כַּלָה מֽשׂוֹשׂ דוֹדִים <br>
הוּא יְבָרֵך אֶת הֶחָתָן וֽאֶת הַכַּלָה",,,
Machnisei Rchachamim,,"מַכְנִיסֵי רַחֲמִים הַכְנִיסוּ רַחֲמֵינוּ <br>
לִפְנֵי בַּעַל הָרַחֲמִים <br>
מַשְׁמִיעֵי תְפִלָּה הַשְׁמִיעוּ תְפִלָּתֵנוּ <br>
לִפְנֵי שׁוֹמֵעַ תְּפִלָּה <br>
מַשְׁמִיעֵי צְעָקָה הַשְׁמִיעוּ צַעֲקָתֵנוּ <br>
לִפְנֵי שׁוֹמֵעַ צְעָקָה <br>
מַכְנִיסֵי דִּמְעָה הַכְנִיסוּ דִמְעוֹתֵינוּ<br> 
לִפְנֵי מֶלֶךְ מִתְרַצֶּה בִּדְמָעוֹת <br>
הִשְׁתַּדְּלוּ וְהַרְבּוּ תְּחִנָּה וּבַקָּשָׁה <br>
לִפְנֵי מֶלֶךְ קֵל רָם וְנִשָּׂא",mbd,,https://youtu.be/yonpaLGsovw
Mimkomcha,,"מִמְּקוֹמְךָ מַלְכֵּנוּ תּוֹפִיעַ <br>
וְתִמְלוֹךְ עָלֵינוּ כִּי מְחַכִּים אֲנַחְנוּ לָךְ <br>
מָתַי תִּמְלךְ בְּצִיּוֹן בְּקָרוֹב בְּיָמֵינוּ <br>
לְעוֹלָם וָעֶד תִּשְׁכּוֹן תִּתְגַּדַּל וְתִתְקַדַּשׁ <br>
בְּתוֹךְ יְרוּשָׁלַיִם עִירְךָ",,,https://youtu.be/eYBXusKQ7Ws
Mikolos Mayim Rabim,,"מִקֹּלוֹת מַיִם רַבִּים אַדִּירִים<br>
מִשְׁבְּרֵי יָם אַדִּיר בַּמָּרוֹם ה'",,,https://youtu.be/V3TlK9i-Y0k
Maskil L'dovid,,"מַשְׂכִּיל לְדָוִד בִּהְיוֹתוֹ בַמְּעָרָה תְּפִלָּה<br>
קוֹלִי אֶל־ה אֶזְעָק קוֹלִי אֶל־ה אֶתְחַנָּן <br>
אֶשְׁפֹּךְ לְפָנָיו שִׂיחִי צָרָתִי לְפָנָיו אַגִּיד",,,https://youtu.be/ows8Vz3dpOs
Naar Hayisi,,"נָעַר הַיִיתִי וְגַם זַקָנְתִי <br>
וְלֹא רָאִיתִי צָדִיק נֶעֶזָב<br>
וְזָרְעוֹ מְבַקֵש לַחֶם<br>
ה' עֹז לְעַמוֹ יִתֵן<br>
ה' יְבַרֵך אֶת עַמוֹ בַשָלוֹם",,,https://youtu.be/X5dUlOEq3dk
Nafshi,,"נַפְשִׁי נַפְשִׁי חָמְדָה בְּצֵל יָדֶךָ<br>
אוֹי לָדַעַת כָּל רָז סוֹדֶךָ <br>
יֶעֱרַב נָא שִֹיחִי עָלֶיךָ<br>
כִּי נַפְשִׁי תַעֲרֹג אֵלֶיךָ ",,,https://youtu.be/-6hnYAEUV2M
N'kadesh,,"נְקַדֵּשׁ אֶת־שִׁמְךָ בָּעוֹלָם <br>
כְּשֵׁם שֶׁמַּקְדִּישִׁים אוֹתוֹ בִּשְׁמֵי מָרוֹם<br>
יִמְלֹךְ ה' לְעוֹלָם אֱלֹקיִךְ צִיּוֹן <br>
לְדֹר וָדֹר הַלְלוּקהּ וְאַתָּה קָדוֹשׁ <br>
יוֹשֵׁב תְּהִלּוֹת יִשְׂרָאֵל. קל נָא ",Miami,,https://youtu.be/3osiYh1UYU4
Nishmas,,"נִשְׁמַת כָּל חַי תְּבַרֵךְ אֶת שִׁמְךָ ה' אֱלֹקינוּ<br> וְרוּחַ כָּל בָּשָׂר תְּפָאֵר וּתְרוֹמֵם 
זִכְרְךָ  מַלְכֵּנוּ  תָמִיד <br>
מִן הָעוֹלָם וְעַד הָעוֹלָם אַתָּה אֵ-ל <br>
וּמִבַּלְעָדֶיךָ אֵין לָנוּ מֶלֶךְ גּוֹאֵל וּמוֹשִיעַ ",,,?
Ivdu,,עִבְדוּ אֶת-ה׳ בְּשִׂמְחָה בֹּאוּ לְפָנָיו בִּרְנָנָה<br> כִּי־טוֹב ה׳ לְעוֹלָם חַסְדּוֹ וְעַד־דֹּר וָדֹר אֱמוּנָתוֹ ,Shalsheles J,,https://youtu.be/8NgRvZGMaVg
Oid Yeishvu,,"עוֹד יֵשְׁבוּ זְקֵנִים וּזְקֵנוֹת .בִּרְחֹבוֹת יְרוּשָׁלָיִם<br>
וְאִישׁ מִשְׁעַנְתּוֹ בְּיָדוֹ .מֵרֹב  מֵרֹב יָמִים<br>
וּרְחֹבוֹת הָעִיר יִמָּלְאוּ, יְלָדִים וִילָדוֹת מְשַׂחֲקִים<br>
בִּרְחֹבֹתֶיהָ ",,,https://youtu.be/O0UhvvKIpFE
Olatz Libi,,"עָלַץ לִבִּי  לִבִּי בַּהַ רָמָה קַרְנִי בַּהַ <br>
רָחַב פִּי עַל אוֹיְבַי .כִּי שָׂמַחְתִּי  בִּישׁוּעָתֶךָ<br>
אֵין קָדוֹשׁ כַּהַ כִּי אֵין  בִּלְתֶּךָ<br>
וְאֵין צוּר וְאֵין צוּר.כֵּאלֹקֵינוּ",Shalsheles,,https://youtu.be/ujXBAxiB4Q4
Piha Pascha,,"פִּיהָ פָּתְחָה בְחׇכְמָה וְתוֹרַת חֶסֶד עַל־לְשׁוֹנָהּ<br>
צוֹפִיָּה הֲלִיכוֹת בֵּיתָהּ וְלֶחֶם עַצְלוּת לֹא תֹאכֵל<br>
קָמוּ בָנֶיהָ וַיְאַשְּׁרוּהָ בַּעְלָהּ וַיְהַלְלָהּ<br>
רַבּוֹת בָּנוֹת עָשׂוּ חָיִל וְאַתְּ עָלִית עַל־כֻּלָּנָה",,,https://youtu.be/VWD7Rss8hGk
Pnei L'elbon,,"פְּנֵי לְעֶלבּוֹן מְקוֹם עָוֹן לְהָשִׂים<br>
צַחַן הָסֵר וְגַם תְּבַשֵׂר לְבָך חוֹסִים – סָלַחתִּי<br>
קוֹלִי שְׁמַע  וּרְאֵה דֶּמַע  עֵינִי <br>
רִיב רִיבִי  שְׁעֵה נִיבִי וַהֲשִׁיבֵנִי סָלַחְתִּי",,,https://youtu.be/dqyN9QJr7Ho
Tzamah Lecha Nafshi,,צָמְאָה לְךָ נַפְשִׁי כָּמַהּ לְךָ בְּשָׂרִי,,,?
Tzamah Nafshi,,"צָמְאָה נַפְשִׁי לֵאלֹקים לְקֵל חָי<br>
לִבִּי וּבְשָׂרִי יְרַנְּנוּ לְקֵל חָי",,,?
Kol Berama,,קוֹל בְּרָמָה נִשְׁמָע רָחֵל מְבַכָּה עַל בָּנֶיהָ,,,"https://youtu.be/_J3pY2LuNY4, https://youtu.be/izVKiUjGXSw,"
Koili Shema,,"קוֹלִי שְׁמַע  וּרְאֵה דֶּמַע  עֵינִי <br>
רִיב רִיבִי  שְׁעֵה נִיבִי וַהֲשִׁיבֵנִי סָלַחְתִּי",YBC,,https://youtu.be/Q6UtlTXNIVI
Riboin Haoilamim,,"רִבּוֹן הָעוֹלָמִים יָדַעתִּי <br>
כִּי הִנְנִי בְּיָדךָ לְבַד <br>
כַּחוֹמֵר בְּיַד הַיוֹצֵר <br>
וְאִם גַם אֶתַאמֵץ בְעֵצוֹת וְתחַבְוּלוֹת <br>
וְכֹל יוֹשבֵי תֵבֵל יְעָמדוֹ לִימִינִי <br>
לְהוֹשִיעֵנִי וְלִסמוֹך נַפשִי <br>
מִבַּלַעדַי עוּזךָ וֽעֶזרָתךָ<br>
אֵין אֵין אֵין עֶזרָה וְיְשוּעָה ",Rechnitz,,https://youtu.be/LYtBfTpGcQ8
Ribon Kol,,"רִבּוֹן כָּל הָעוֹלָמִים לֹא עַל צִדְקוֹתֵינוּ <br>
אֲנַחְנוּ מַפִּילִים תַּחֲנוּנֵינוּ לְפָנֶיךָ <br>
כִּי עַל רַחֲמֶיךָ הָרַבִּים ",,,https://youtu.be/Uxa_WOx0rJQ
Ribono,,"רִבּוֹנוֹ שֶׁל עוֹלָם, יְהִי רָצוֹן מִלְּפָנֶיךָ <br>
קֵל רַחוּם וְחַנוּן שֶׁתְּזַכֵּנִי הַיוֹם וּבְכָל יוֹם <br>
לִשְׁמוֹר פִּי וּלְשׁוֹנִי מִלָּשׁוֹן הָרַע וּרְכִילוּת. <br>
וְיִהְיוּ כָל מַעֲשַׂי וְדִבּוּרַי לְשֵׁם שָׁמַיִם",Ari Goldwag,,https://youtu.be/MAwOfNi1HTA
Recham B'chasdecha,,"רַחֵם בְּחַסְדֶּךָ עַל עַמְּךָ צוּרֵנוּ <br>
עַל צִיּוֹן מִשְׁכַּן כְּבוֹדֶךָ בֶּן־דָּוִד עַבְדֶּךָ<br>
יָבֹא וְיִגְאָלֵנוּ רוּחַ אַפֵּינוּ מְשִׁיחַ ה׳ ",,,
Rachamana,,"רַחֲמָנָא דְעָנֵי דְעָנֵי לַעֲנִיֵּי <br>
רַחֲמָנָא דְעָנֵי  לִתְבִירֵי לִבָּא עֲנֵינָא ",benny friedman,,https://youtu.be/4R4dSEQUgWQ
Shalom Rav,,"שָׁלוֹם רָב לְאֹהֲבֵי תוֹרָתֶךָ וְאֵֽין־לָמוֹ מִכְשֽׁוֹל<br>
שִׂבַּרְתִּי לִישׁוּעָתְךָ ה וּֽמִצְותֶיךָ עָשִֽׂיתִי׃ <br>
שָֽׁמְרָה נַפְשִׁי עֵדֹתֶיךָ וָאֹהֲבֵם מְאֹֽד",,,"https://youtu.be/6vM3IedTPvA,https://youtu.be/g1AeNQpeFn0,"
Shifchi Kamayim,,שִׁפְכִי כַּמַיִם לִיבֵּך נוֹכַח פְּנֵי ה ,,,https://youtu.be/Sncu_SkljVU
T'fila Leoni,,"תְּפִילָה לְעָנִי כִּי יַעַטֹף וְלִפנֵי ה׳ יְשׁפֹּך שִיחוֹ <br>
ה׳ שְמָעָה תְּפִילָתִי וְשַׁועָתִי אֵלֶיךָ תָּבוֹא<br>
<<<<<<< Updated upstream
>>>>>>> Stashed changes
=======
>>>>>>> Stashed changes
אַל תַּסתֶּר פָּנֶיךָ מִמֶנִי בְּיוֹם צַר לִי",,,https://youtu.be/BAN-pW2nOpc